citizen,person,user
criminal,entrepreneur,businessperson,businessman,traveler,male,person
expert,scholar,scientist,person
administration,system,business,organization
statesman,governor,male,leader,person,politician
firm,business,institution,manufacturer,enterprise,organization,company,corporation
radical,insurgent,terrorist,guerrilla,militant,male,person
trainer,player,athlete,football_player,person,coach
prisoner,person
concept,idea,consequence
authority,administration,social_group,body,party,organization
period,time,era
person,adult
homer,event
decoration,prize,title,object,medal,award
force,influence,commander,attacker,military,squad,team,organization,person
time,year
period,weekday,day,time
weekday,date,day,time
spokesperson,cabinet_minister,minister,politics,male,person
expert,reporter,official,worker,scientist,master,adult,communicator,employee,professional,analyst,researcher,person
money,system
concept,discipline
hacker,person,criminal
articulator,speaker,leader,person,politician
scientist,person
number,rank,chart,membership,fame,status,position,placement,place,honor
municipality,site,county,township,town,city,space,region,area,landmark,place,location
legislation,regulation,law
region,place,location
son,child,man,male,person
time
government,nation,location
place_name,area,name,region,city,place
woman,entity,adult,female,deity,idol,goddess
leader,adult,man,politician,official,male,person
authority,police,investigator,agency,administration
municipality,city,area,state,place,localization,township,town,region,location
legislator,politician,lawgiver,leader,person
negotiator,representative,diplomat,statesman,politician,spokesperson,official,leader,male,person
agency,traveler,adult,person,scientist,astronaut
play,entertainment,movie,film
player,football_player,person,athlete
woman,wife,relative,spouse,person,husband
waiter,communicator,person
aim,determination
food,object
point
student,group,candidate,winner,learner,contestant,person
assembly,senate,legislature,group
player,person,athlete
celebrity,artist,person
club,organization,group,team
person
site,space,stadium,place,structure
athlete,racer,contestant,male,person
nation,foe,enemy,social_group,race,wrongdoer,organization
critic,person
act,event
adult,female,man,person,citizen,male
administrator,director,politician,leader,person
cinema,show,culture_medium,movie,object,film
politician,candidate,winner,leader,successor,person,president
day
organization,institution,maker,company
control,restraint,obstruction,separation,border,barrier,area,boundary,event
museum,structure,building,place
time,period,happening,fortune,destiny,future,era,unknown
force,military,organization,military_service,army
politician,official,citizen,leader,person
event,person
player,adult,contestant,tennis_player,professional,person,athlete
institution,organization,group,administration,social_group,person,employee,company
diplomat,person
railway
government,ruler,political_system,leadership,administration,organization
body,adult,man,male,person,victim
plant,organization,building,place,factory,complex,structure
advocate,worker,expert,spokesperson,spokeswoman,person
negative,fight,conflict
government,country,state
adult,man,teammate,athlete,contestant,male,player,person
expert,writer,scientist,professional,person,author
person
point,municipality,county,position,nation,city,placement,district,area,region,localization,space,state,location,place,country
process,growing,growth,bloom,natural_process
tennis
possession,belonging,dwelling,garden,house,home,structure,homestead,building,plot,land,yard,residence,front_yard,place,property,object
match,event
fabric,covering,garment,apparel,clothing,object
public_servant,president,male,leader,person,politician
army,social_group,military_service,group,person
authority,management,administration,party,organization,government
concept,consideration,concern,consequence,issue
business,company
organization,citizen,person
occupation,position,role,employee,function,head,custodian,director,job,situation,career,curator,person,professional
worker,friend,person
business,franchise,corporation,administration,enterprise,organization,company
financier,investor,person,corporation,administration,social_group,party
essay,concept,idea,literature,doctrine,message,subject,script,ledger,content,book,record,philosophy,writing
individual,leader,status,advocate,position,official,person
performer,profession,woman,adult,female,artist,entertainer,person,actress
unit,doctor,team,organization
business,institution,organization,enterprise,corporation,company
body
performer,celebrity,artist,anchor,entertainer,person
activity,game,event,match
product,activity,computer_game,game,software,object
authority,organization,person,agency,administration,social_group,donor
community,village,building,state,place,location
musical_instrument,guitar,medium,operation,musical,instrument,song,thing,music,performance,composition
woman,female,lady,celebrity,person
woman,accuser,adult,female,girl,lady,witness,daughter,criminal,defendant,dame,person
animal,bird
group,club,organization,team
end,consequence,passing,change,death,event
object,engineering,thing,technology,application,system,enterprise,business
currency,finance,cash
localization,place,location,country,nation
art,solo,classical_music,opera,music,song
money,share,fund,cash,object
case
point,place
council,position
idea,concept
spokesperson,journalist,adult,communicator,person
ambassador,winner,hero,achiever,communicator,leader,person
municipality,district,area,region,location,position,city,place
product,finance,net_income,volume,profit,economics,income,output,economy
worker,witness,bystander,spectator,speaker,person
real_property,house,home,place,construction,structure,apartment_building,building,model,property,object
rig,equipment,structure,object
concept,idea,decision,choice,attempt,activity
serviceman,advocate,representative,officeholder,politician,spokesperson,official,spokesman,officer,leader,person
serviceman,adult,man,male,soldier,person
artillery,weaponry,gun,instrument,pistol,weapon,object
case,occurrence,time,consequence,event,change,happening
negotiation,mediation,communication,agreement,bargain,exchange,transaction,deal,discussion,conversation,statement,talk,event
president,person,leader
idea,topic,event,concern,theme,issue,concept
idea,activity,act,attempt,action
event,position,place
person,teacher
division,break,part,happening,divorce,separate,split,fault,event,separation
observer,commentator,expert,person
area,location,township,town,region,city,place
gathering,assembly,meeting,event
company,store
area,government,nation,state,country
home_game,sport,event,match,game,volleyball
fund
object,quality,character,person
title,leader,status,person
captain,person,group
conclusion,success,completion,event
force,army,military,navy,organization
road,expressway,highway,object
authority,group,agency,administration,organization,government
supporter,ally,colleague,intellectual,lover,person,friend
bowler,bowling
person,country,group
creator,painter,town,person,artist,professional
commodity,food,tea,substance,beverage,object
adult,man,citizen,male,person,criminal
location,place,position
worker,foreign_minister,foreigner,minister,employee,person,official
point,object,scene,area,nation,space,venue,localization,state,position,city,place,location,country
description
person
authority,committee,commission,agency,administration
vote,election,event
content
serviceman,civilian,adult,pair,casualty,man,two,citizen,male,couple,person
city
person
learning,qualification,education,degree
keyboard,technology,invention
firm,insurance_company,corporation,administration,policy,company,organization
direction,move,decision,motion,way,movement
concept,idea
arrangement,system,economy
warrior,institution,organization,social_group,military,army
government,administration,organization,military,military_service
articulator,spokesperson,spokesman,speaker,person,reporter
male,man,god,teacher,master,idol,person
competition,event,contest,championship
country,place,nation
person,leader
person
woman,womanhood,adult,female,spouse,person,wife
pair,person,couple
misconduct
affair,parade,procession,party,happening,occasion,holiday,event,celebration
performer,creator,musician,artist,person
gang,association,group,social_group,organization
group,person
province,area,region,municipality,location
business,entrepreneur,corporation,company,organism,institution
group
municipality,township,town,city,area,place
worker,team,employee,person
authority,corporation,agency,administration,party,firm,government,company,institution,person,organization
acquaintance,person
product,concept,finance,business,idea,merchandise,strategy,enterprise,scheme
politician,leader,person
plane,airplane,helicopter,object
group,administration,social_group,government,organization
presence,impact,attack
moment,matter,object
area,region,location,place
gunman,force,troop,military,military_service,group,army
informant,writer,speaker,person
player,person,football_player,athlete
serviceman,accused,adult,prisoner,principal,male,policeman,officer,man,wrongdoer,convict,criminal,defendant,person
serviceman,musician,valet,adult,contestant,male,man,player,athlete,person
sector,municipality,county,township,town,area,section,place,region,city,location
player,adult,man,male,person,athlete
art,creation,publication,fiction,object,artwork
technology,group,application,development,organization,software
administrator,businessperson,industrialist,owner,executive,leader,person,businessman
station,television_station,network,broadcasting,organization,broadcaster
location,place,city
concept,feedback,event,effect,plan,emergence,reaction,output,object
world,home,planet,place,celestial_body,earth
occupation,intellectual,scientist,communicator,scholar,writer,person
government,authority,administration,organization
act,law,legislation,rule
impact,consequence,event
business,maker,manufacturer,corporation,organization
business,institution,corporation,enterprise,organization,company
academician
representative,man,spokesperson,male,leader,adult,person
event
award,recognition,prize,trophy,object
person
firm,producer,institution,manufacturer,corporation,business,maker,enterprise,company,organization
concept,information,data,fact
general,negotiator,articulator,representative,professional,president,statesman,politician,expert,spokesperson,speaker,congressman,leader,adult,person
person
firm,business,corporation,company,organization
event
date,event,time,day,year
force,army,military_service,troop,military,convoy,combatant,soldier,person
group,military_service,soldier,military,army
administration,staff,organization
explosion,occurrence,operation,blast,aggression,destruction,catastrophe,calamity,attack,event
business,institution,organization,group,enterprise,company
object
executive,businessperson,corporate_executive,adult,man,businessman,male,person
group,crowd,gang,staff
athlete,person
disaster,discharge,crisis,blow,catastrophe,noise,explosion,emergency,bang,sound,knock,motion,event
unit,group,social_group,squad,association,team,organization
poet,writer,person
road
plan,mission,action,event
person
chancellor,person
explosion,occurrence,blast,destruction,happening,attack,bombing,event
spot,part,feature,object
watch,supervision,surveillance
communicator,newscaster,announcer,entertainer,person
person
group,grouping
writer,person
black_hole,celestial_body,object
point,day,time,event
politician,candidate,female,contestant,person
object,name,term,word,language,terminology
information,data,investigation
person
text_file,publication,script,writing,record,handbook,document,object,manual
resident,inmate,detainee,prisoner,convict,organism,person,criminal
musician,person,entertainer
doctor,analyst,person
domain,land,region,area
performer,host,adult,entertainer,announcer,celebrity,anchor,person
weekday,day,time
enterprise,group,administration,business,investor,organization,company
chancellor,official,head_of_state,adult,professional,president,person,leader
scientist,group,professional,person
reporter,adult,communicator,economist,man,spokesperson,official,spokesman,male,person
event,recognition,celebration,memorial,holiday
producer,studio,institution,company
producer,industry,enterprise
assembly,committee,government,council,group,administration,social_group,organization
nation,organization,social_group,state
firm,business,enterprise,businessperson,businessman,corporation,social_group,association,company,organization
marketplace,exchange,equity,stock_exchange,stock,market
supporter,group,social_group,party,organization
person
concept,examination,activity,test,exercise,event
official,observer,assistant,strategist,professional,planner,scholar,expert,commentator,soldier,aid,male,organism,person
contest,event,game,activity,place
club,government,authority,agency,administration,social_group,organization,company,group
lowering,reduction,decrease,act,action
club,unit,engineer,association,organization,group,team
teammate,athlete,ballplayer,player,person
illness,cancer,sickness,growth,ill_health,tumor,object
representative,spokesman,expert,spokesperson,educator,person
administrator,authority,communicator,official,expert,announcer,commentator,leader,person
actor,virus,sport,person,athlete
spokesperson,spokesman,male,person
player,male,person,athlete
name,populace,reformer,militant,demonstrator,dissenter,person
management,group,organization,administration
education,school,place,university,college
play,show,event,film,title,movie,musical
localization,municipality,community,village,home,township,town,area,region,space,stead,location,city,place
game
dialect,communication,speech_act,emphasis,speech,accent,language
ethnic_group,social_group,group
equipment,football,ball,object
suggestion,idea,agreement,report,message,statement,proposal,document,presentation,composition
government,nation,state,country,organization
firm,business,manufacturer,giant,company,corporation,organization
negotiation,development,agreement,protest,operation,demonstration,discussion,attack,consequence,situation,approach,event
star,creator,musician,headliner,singer,artist,guitarist,member,person
male,fellow,adult,companion,man,acquaintance,gentleman,boyfriend,friend,person
lawman,deputy,negotiator,minister,diplomat,clergyman,spokesperson,official,congressman,leader,representative,person,politician
musician,band,performer,group,person,orchestra,social_group,artist
date,event,day,time
municipality,township,town,district,area,region,place,city,location
force,citizenry,organization,soldier,army,person,military
idea,concept,plan,proposal
concept,event,struggle
object,list,person
site,placement,area,localization,headquarters,location
expert,policeman,officer,person,authority
woman,adult,spokeswoman,spokesperson,speaker,representative,person
distributor,agency,arrangement,company,institution,organization
season,period,deadline,goal,time
craft,ship,boat,vessel,object
booklet,journal,diary,nonfiction,press,news,article,information,publication,writing,book,culture_medium,issue,magazine,object
female,person
tourist,adult,traveler,person
pope,religious_leader,authority,spiritual_leader,official,leader,person
worker,analyst,man,leader,spokesperson,journalist,employee,congressman,male,representative,spokesman,person
heart_failure,ill_health,event,heart_attack,attack,condition,illness
payment,penalty,consequence
city,state,location,nation,building,country,place
area,city,space,region,geographical_area,place,location,state
policeman,private_detective,person,investigator
publication,script,work,record,object,book
employee,administrator,worker,director,adult,man,client,professional,male,person
living_thing,vertebrate,organism,fish,object,animal
male,character,man,adult,person
month,calendar_month,time
aircraft,vehicle,ship,airplane,object
text_file,journal,report,article,piece,writing,document,object
development,building,structure,arena,entertainment_center,construction,stadium,complex,location
player,contract,event,athlete,person
ritual,religious,religion,faction,clique,group,organization
adult,nazi,man,scholar,male,leader,person,student
battle,action,conflict,war,event
doctor,person,nurse
musician,artist,person,singer
member,leader,worker,president,politician,official,person
government,enemy,insurgent,opposition,administration,social_group,organization
warrior,army,infantry,soldier,person,fighter
figure,artist,character,person
leader,organism,spiritual_leader,person,religious_leader
woman,student,actress,adult,female,sister,actor,person
hour,period,morning,dawn,time
team
male,person,coach
photograph
body,ruler,king,organism,official,person
moment,year,time
conductor,singer,male,leader,person
government,municipality,authority,township,town,capital,city
administrator,executive,businessperson,representative,industrialist,person,delegate,businessman,entrepreneur
art,show,dance,creation,story,dancing,play,ballet,performance,narrative,artwork
time,decade,year
performer,bassist,singer,artist,organism,person,musician
rental,building,hotel,property
business,fund
force,agent,group,agency,administration,organization
group,area,state,nation,country
city,state,nation,country
firm,business,manufacturer,corporation,administration,organization,company
prisoner,inmate,convict,criminal,person
garbage,waste
politician,leader,person
person
spiritual_leader,pope,person,religious_leader
intellectual,commander,scientist,theorist,expert,male,person
position,character,role,placement
authority,negotiator,representative,communicator,spokesperson,spokesman,person
disaster,mess,catastrophe,spill,calamity,error,consequence,event
hurricane,cyclone,weather,storm,event
tournament,competition,game,contest,activity,match,event
student,learner,youth,pupil
gathering,assembly,crowd,government,nation,cabinet,group,country,social_group,state
playing_field,golf,golf_course,course,golf_club,place
killer,terrorist,shooter,suspect,person,criminal
time
object,general,commander_in_chief,soldier,commander,person
diplomat,official,agent,president,leader,person
individual,person
company,cast,team,entertainer,unit,group,actor
person,patient
writer,man,person
chef,adult,cook,man,male,person
battalion,unit,commander_in_chief,squad,team,person
writer,journalist,person
politician,doctor,communicator,leader,adult,person
grandfather,elder,adult,grandparent,aged,person
victim,person,refugee
plant,food,object
president,worker,head_of_state,representative,communicator,politician,spokesperson,spokesman,leader,person
businessperson,businessman,owner,person
firm,business,conglomerate,institution,corporation,company,organization
negotiation,interaction,deliberation,communication,discussion,agreement,conversation,action,talk,event
idea,cost,price,amount
campaign,event
businessperson,group,expert
politician,government,administration,leader
family,unit,division,object,collection,class
object,train,public_transport
change,happening,reform,alteration,improvement,policy,transformation,revision,event
person
voter,adult,professional,celebrity,person,citizen
product,device,item,object
space,field,location,stadium,playing_field,localization,object,spot,school,university,place
landmark,memorial
administrator,adult,man,headman,male,leader,person,executive
observer,expert,commentator,analyst,scholar,person
juvenile,adolescent,athlete,junior,contestant,person
town,area,region,township,city,location
alliance,union,administration,social_group,confederation,organization,coalition
fan,person
agency,administration,state,organization,authority,government
performer,child,person
foundation,rock,base,stone,object
man,child,male,person,student
disaster,danger,hazard,trouble,misfortune,catastrophe,calamity,destruction,event
lobbyist,authority,leader,senator,legislator,person,politician
nation,area,state,location,region,country,place
individual,administrator,conductor,director,person
ship,sport,event,race,racing
strike,war,problem
idea,legislation,treaty
object
head_of_state,representative,president,man,politician,official,governor,male,leader,adult,person
institution,constitution,administration,organization
occurrence,probe,detention,questioning,incident,misfortune,happening,ordeal,question,investigation,event
result
food,course,dish,substance,sweet,cake
consequence,lobby,change,organization,party,movement,event,campaign
company,organization,institution,unit,group,team
point,rate,crisis,stock_exchange,state,worry,conflict,struggle,trouble,event
person
politician,male,person,leader,president
worker,businessman,farmer,employee,person,manager
adult,man,politician,contestant,male,leader,person
spider,species,whole,animal,organism
membership,person
status,noise,audio
woman,parent,ruler,adult,female,sovereign,queen,mother,leader,person
military,army
point,municipality,township,nation,town,area,country,localization,state,location,city,place
adult,man,spokesperson,male,person
adult,president,spouse,man,politician,official,male,leader,husband,person
period,duration,day,time
player,golfer,person
clubhouse,club,social_group,squad,organization,team
creator,person,artist
authority,agency,administration,social_group,government,country,person,organization
archeologist,reporter,representative,communicator,spokesperson,spokesman,speaker,person
national,voter,citizen,person
ethnic_group,nationality,group,citizen,person
schedule,date,day,time
group,team,organization,unit
alteration,ill_health,object
foreign_country,nation,district,area,region,civilization,place,location,territory,history,country
advocate,academician,teacher,professor,educator,leader,person
person,artist,creator,painter
player,soccer_player,adult,man,male,person
operation,effort
idea,accusation,message,lawsuit,event,action,charge
person,organism
group,person,organization
function,idea
success,win,vote,victory,event,election
serviceman,spectator,adult,man,guest,friend,male,visitor,person
academician,adult,teacher,scholar,master,educator,professional,person,professor
administrator,official,female,executive,officeholder,communicator,strategist,leader,person
serviceman,male,adult,piano_player,man,terrorist,soldier,criminal,leader,person
serviceman,male,adult,prisoner,man,menace,convict,criminal,person
street,passageway,highway,way,road,object
tennis_player,player,rival,athlete,person
federation,club,company,wrestling,council,association,league,management,union,social_group,affiliation,organization
programmer,engineer,person
head,officeholder,president,politician,official,system,incumbent,secretary,person,leader
gathering,press_conference,announcement,summit,speech,lecture,meeting,conference,event
firm,merchant,business,corporation,enterprise,organization,trader,exporter
event,act
point,site,village,town,space,region,area,city,place,location
message,biography,story,publication,script,movie,film,appearance,record,narrative,history
goal,travel
firm,business,institution,corporation,administration,enterprise,organization,company
person
publication,fiction,object,novel,title,book
burden,fault,guilt,responsibility
tension,disagreement,argument,battle,controversy,conflict,debate,dispute
print,work
concept,idea,event,merging
person
citizen,public,person
insurance,compensation,policy
group,social_group,party,organization
group,administration,company,party,institution,person
person
firm,business,manufacturer,corporation,company,organization
epidemic,illness,outbreak,issue,disease
person
nation,group,army,organization
discipline,topic,science,physics,subject
possibility,consequence,chance,variable,event
concept,idea,operation,thing,person,command,order,law
secretary,male,serviceman,principal,adult,convict,criminal,man,inmate,person,prisoner
official,agent,authority,speaker,leader,person
sport,broadcasting,ball_game
recession
comment,remark,statement,answer
district,area,region,space,location,place
creator,writer,artist,person,author
object,medicine,drug
contest,event,turn,round,cycle,tournament
business,company
impression,concept,belief,public_opinion,idea,opinion
child,person
character,person,hunter
female,leader,person,politician
discussion,person,meeting
adult,professional,man,diplomat,representative,official,male,person
activity,action,use,place
man,businessperson,businessman,male,person
cleaner,custodian,adult,workman,employee,professional,janitor,person,worker
official,leader,person
illness,disease
principal,criminal,leader,defendant,person
kingdom,province,home,nation,city,district,country,area,location,position,territory,place
authority,source,informer,person
tissue,organ,body_part,object
force
jump,training,leap,activity
head,leader,position,heading,person
male,person
space,correctional_institution,cell,prison,structure,building,camp,jail,place
woman,parent,adult,female,mother,person
document,object,report
fall,change,loss,descent,drop
worker,young,person,child
wage,position
collision,event,impact,accident,mishap,activity,situation
spouse,payer,husband,person
municipality,site,nation,township,land,area,country,region,state,city,location
failure,trouble,worry,difficulty,condition,consequence,problem,conflict,event
performer,artist,actor,entertainer,male,person
field,location,arena,playing_field,object,construction,structure,place,stadium
government,nation,country,agency,administration,organization
day,time,date,year
area,region,localization,place
paperwork,argument,agreement,phrase,message,treaty,writing,statement,document,object
share,market,stock,commodity
war,struggle,battle,action,conflict,dispute,event
person
woman,scientist,female,person,astronaut
adult,person
group,person,party,leader,organization
resident,man,neighbor,male,person
site,nation,district,country,state,place,territory,region,location,area
trainer,master,adult,professional,male,leader,person,coach
nation,city,government,capital,country,place
species,bird,animal
course,path,passage,way,pathway,road,route
trainer,coach,athlete,player,person
battle,war,conflict,event
burning,burn,fire
administration,team,organization,athletics
mutual_fund
community,village,township,town,placement,area,location,city,place
assembly,institution,association,legislature,group,administration,social_group,organization,party
power,number,count,amount,army
serviceman,adult,man,soldier,male,person
firm,business,company,conglomerate,enterprise,institution,organization
official,reporter,representative,analyst,politician,leader,person
champion,achiever,winner,player,contestant,person,athlete
rocket,space_shuttle,spacecraft,equipment,vehicle,shuttle,object
body,office,college,structure,school,center,university,headquarters,organization,institution
sister,sibling,individual,person,victim
juvenile,woman,female,victim,girlfriend,girl,adolescent,lover,person
prince,king,person
musician,player,soccer_player,person,athlete
government,opposition,nation,state,country,organization
product,performance,operation,movie,musical
representative,spokesperson,spokesman,male,person
group,unit,team
religious_leader,deity,guru,prophet,male,leader,person
adult,female,serviceman,woman,male,person,leader
male,person
computer,traffic,cable,machine,object
company,enterprise,institution,union,administration,organization,business
song,music
spokesperson,agent,spokesman,corporate_executive,legislator,president,leader,social_scientist,person,politician
object,church,institution,religion,organization
championship,award,trophy,prize,contest,tournament,event
person
politician,official,leader,person
municipality,seat,home,placement,area,region,localization,state,place,capital,position,city,location
animal,bird
official,ruler,authority,president,leader,person
system
contest,time_series,cycle,time,round
firm,business,company,airplane,institution,administration,airfield,airport,airline,organization
lawman,reporter,sheriff,policeman,spokesperson,spokesman,leader,person
female,celebrity,native,person,citizen
group
reporter,spokesperson,advocate,spokeswoman,lawyer,professional,leader,person
politician,spokesperson,spokesman,person,leader
mission,meeting,visit,event
driver,person
writer,poet,male,person
song
individual,adult,spokesperson,spokesman,professional,leader,person,official
concept,disaster,idea,effect,phenomenon,consequence,event
politician,spokesperson,official,male,person,leader
firm,business,institution,enterprise,corporation,company,organization
press,group,agency,organization
adviser,serviceman,corporate_executive,businessman,owner,president,policeman,officer,leader,person
ambassador,adult,worker,officeholder,diplomat,politician,official,delegate,employee,person
yesterday,day,hour,today,time
nation,country,location
figure,agent,politician,leader,lawgiver,person,legislator
adult,victim,man,survivor,male,person,patient
landscape,mountain,mountain_climbing,region,mound
song,tune,sound,audio,music
coach,ballplayer,starter,athlete,opener,person,player
government,authority,politics,unit,affiliation,agency,administration,association,party,organization,political_party
professional,adult,professor,educator,position
unit,group,team,organization
police,policeman,law_enforcement,group,army,military,military_service,officer
candidate,republican,leader,person,politician
town,area,region,state,location,position,country,place
title
firm,corporation,enterprise,company,organization,business
point,location,town,resort
participant,athlete,player,contestant,person
money,wage,object
theme
official,adjudicator,professional,officeholder,magistrate,lawyer,judge,person
calendar_month,month,day,date,time
woman,individual,comedian,adult,female,artist,celebrity,performer,entertainer,professional,person
ending,result,happening,judgment,end,consequence,conclusion,outcome
administration,social_group,institution,organization
buddy,friend,friendship
dwelling,address,home,structure,residence,residency,building,house,object
fall,loss,descent,drop,activity
representative,person
firm,business,institution,corporation,administration,enterprise,organization,company
bomb,artillery,missile,weaponry,gunman,bullet,weapon,gun,object
athlete,player,adult,football_player,professional,person
government,official,person
development,economic_growth,situation,boom,position,advancement,economy
detective,official,force,investigator,agency,authority,policeman,law_enforcement,enforcement,person,police
function,competition,contest,race,performance,festival,event
status,claim,championship,placement,title
contest,activity,match,game,event
period,duration,time
idea,thought,learning,thinking,recall,representation,concept,memory
status,condition,arrangement,organization
requirement,demand,need,request,rule,regulation
performer,actress,celebrity,actor,person
institution,agency,administration,enterprise,organization,government
object,home,township,town,city,country,region,state,location,landmark,place,area
set,event
district,area,region,location,territory,county,place
community,group,man,male,person,leader
fuel_cell,cell,element,object
leader,analyst,professional,person
institution,administration,organization,government
negotiation,offering,offer,agreement,outreach,message,discussion,statement,proposal,event
corporation,administration,airline,team,organization,company
administration,affiliation,association,organization
ruler,religious_leader,leader,person,emperor
crowd,group,social_group,person
plant,machine,factory
vicinity,location,region,place
church,home,temple,place,position
person
closure,completion,headliner,correctional_institution,motion,jail,prison,termination,closing,conclusion,event
agreement,terrorist,terrorism
marketplace,land,globe,populace,earth,population,market,world,location
business,savings_bank,institution,central_bank,organization,administration,company,bank
governor,person
performer,producer,creator,actor,entertainer,director,person
firm,group,corporation
angle,idea,weather,path,concept,temperature
market_value,idea,cost,pricing,index,price_index,value,price,stock,concept
gathering,protest,struggle,battle,hate,event,objection,terror,organization,disorder,conflict,terrorism
master,leader,head,adult,official,person
adult,person
son,boy,person,male
champion,player,contestant,person,athlete
ballplayer,pitcher,athlete,thrower,person,player
rain,water,weather,precipitation,event,liquid,shower
person
male,person
citizen,inhabitant,native,person
report,article,piece,agency,writing,board,document,object
event,area
economic_growth,indicator,consequence,economy,event
adult,suspect,man,male,person,criminal
explanation,information,report,interview,story
winnings,win,conquest,ending,consequence,success,contest,winning,victory,event
vegetation,nature,forest
party,institution,organization,maker,company,studio
trainer,adult,professional,man,athlete,contestant,male,leader,person,coach
money,gain,profit,income
move,gymnastics
foundation,administration,organization,committee
event,end,ending,day,time
profession,social_science,economics,science
performer,musician,person,singer,artist
entertainer,performer,artist,actor,person,occupation,actress
aide,campaigner,traveler,successor,politician,candidate,participant,leader,person
agent,businessperson,organizer,investor,businessman,person
resistance,confrontation,politics,effort,attempt,adversity,action,conflict,struggle
province,localization,position,placement,area,region,space,place,location
landmass,area,geographical_area,hill,peak,land,region,position,nature,place
period,dawn,morning,time
person
area,cave,passage,passageway,shaft,tunnel
entrance,gate,object
firm,business,enterprise,institution,corporation,manufacturer,organization,company
master,professional,leader,person
professional,person
technology,equipment
screenplay,entertainment,show,display,film,movie,object
area,region,location,territory,state,place
force,institution,organization,military,group
group,family
legislator,leader,person,politician
clergyman,priest,leader,person,cardinal
religious_leader,authority,bishop,spiritual_leader,leader,expert,spokesperson,spokesman,priest,cardinal,clergy,person
peer,woman,adult,female,girl,friend,lover,person
firm,business,institution,manufacturer,corporation,enterprise,organization,company
business,bureaucrat,governor,businessman,politician,mayor,group,organism,leader,person
bureaucracy,congress,government,legislature,administration,organization
man,politician,male,person
state,place
municipality,city
organization,agency,reporter,company,object,communicator,news_agency,management,writer,arrangement,master,professional,journalist,person
unit,player,athlete,social_group,association,team,organization,group
nation,area,region,state,place,country,location
commodity,market,petroleum,future,concept
expert,official,person
serviceman,adult,officeholder,senator,legislator,official,professional,leader,person,politician
athlete,football_player,contestant,defender,person,player
politician,official,corporate_executive,economist,leader,person,president
point,religious_leader,landmark,spiritual_leader,event,person
male,leader,ruler,emperor,person
man,official,speaker,officer,male,leader,person
gang,person
custodian,staff,squad,janitor,group,team
performer,adult,position,role,person
mountain,region,area,location,place
church,structure,building
religious_leader,leader,person
idea,action,concept,principle
clubhouse,group,social_group,club,team
period,duration,time
nation,area,country
accused,suspect,convict,defendant,person,criminal
conflict,battle,event,war
area,location,country,nation
period
person
tourist,fan,man,male,adult,person
official,agency,authority,lawyer,demonstrator,leader,person,politician
event
recipe,idea,content,collection,list,concept
picture,booklet,journal,nonfiction,report,piece,writing,book,document,composition,article,object
conductor,maker,film_maker,director,person
period,ending,deadline,date,goal,time
work,job,bill
detective,investigator,spokesperson,official,spokeswoman,female,communicator,reporter,person
woman,adult,female,artist,celebrity,person,actress
terrorist,group,radical,person,criminal
business,company,agent,businessperson,salesman,group,person,capitalist,party
ruler,representative,male,leader,person,politician
worker,adult,professional,contributor,communicator,occupation,reviewer,commentator,writer,journalist,person
player,athlete,person
birthday,event,anniversary,day,time,today
show,series,television_program
individual,group,celebrity,person
authority,committee,administration,organization,commission
expert,individual,person,scientist
financing,finance,currency,money,fund,cost,payment,object,cash
writer,reporter,representative,president,communicator,analyst,legislator,politician,scholar,expert,spokesperson,congressman,senator,informer,leader,person
monarchy,reign,rule,event
feeling
government,nation,committee,country,administration,system,arrangement,organization
novel,publication,script,writing,magazine,culture_medium,fiction,book
person
men,group,team
politician,union,party,organization
market
product,material,substance,matter,object
party,government,organization
sentence,condition,term,suspension
air_force,military_service,organization
supervisor,worker,professional,employer,superior,spokesperson,official,employee,leader,ally,person
person,emperor,leader
project,organization,administration
computer,device,operation,technology,system,machine,application,instrumentality,object
person,coach
area,region,localization,place,capital,city,location
gathering,radical,dissenter,insurgent,person,suspect,criminal,defendant,group
association,team
organization
government
dialogue,communication,discussion,conversation,chat,talk
company,organization
name,title,song,music,object
musician,group
administrator,director,businessperson,financier,investor,millionaire,banker,capitalist,businessman,person
advantage,politics,privilege,concept
person
news,information
illness,ill_health,disease,disorder,object
government,administration,arrangement,politics,organization,committee
citizenry,citizen,male,person
event
evidence,information,proof
job,career
politician,person
person
spot,site,land,area,region,localization,environment,channel,location
nation,land,area,region,country,place
group
transport,railroad_track,agency,transportation,business,company,organization,railway
bomb,instrument,atomic_energy,nuclear_weapon,weaponry,weapon,object
material,controlled_substance,object,chemical,experiment,medicine,drug
services,ceremony,memorial,service,event
politician,person
serviceman,fireman,professional,negotiator,articulator,adult,officeholder,policeman,spokesperson,master,officer,speaker,male,representative,spokesman,person
woman,champion,civilian,female,adult,citizen,person
adult,teacher,doctor,educator,master,male,leader,person
dollar,currency,medium_of_exchange,monetary_unit,money
municipality,community,village,township,location,town,city,place
division,organization,function,class
writer,authority,expert,speaker,educator,academician,articulator,adult,analyst,man,professor,journalist,male,person
ball,football,disk,puck,object
adult,man,customer,client,guy,male,person
nation,area,country,place
municipality,district,area,vicinity,location,region,place
idea
performer,ballplayer,player,adult,professional,person,athlete
period,school_year,date,year,time
sport,ice_hockey,adult,professional,organization,group,team
sector,firm,trade,industry,institution,commerce,corporation,enterprise,company,organization,business
occurrence,loss,failure,incident,misfortune,happening,game,error,match,defeat,event
person
radical,terrorist,person,suspect,criminal
gathering,assembly,briefing,forum,report,interview,meeting,conference,event
performer,actress,professional,person,actor
archbishop,religious_leader,bishop,person
clubhouse,social_group,club,league,name,organization
serviceman,authority,officeholder,politician,officer,leader,person,official
council,analyst,person,economist,expert
report,message,data,information,writing,document
journal,concept,diary,publication,manual,writing,record,handbook,object,book
affair,celebration,ceremony,happening,feast,occasion,meal,dinner,event
supervisor,adult,teacher,man,customer,male,person
institution,corporation,administration,business,enterprise,organization,company
civilian,person
city,area,state,location,localization,country,region,space,place
product,show,play,drama,publication,script,book,movie,object,film
professional,engineer,person,scientist
worker,fan,person,citizen
player,athlete,person,golfer
player,athlete,contestant,person
wheel,object
loss,misfortune,tragedy,calamity,decade,time
person
woman,parent,adult,female,caretaker,communicator,custodian,person,mother
law
monetary_unit,money,medium_of_exchange,currency,object,dollar
location,garrison,place
alliance,administration,party
runner,person,athlete
town,municipality,city,place
leader,person
administration,arrangement,social_group,board,enterprise,unit,organization,team
firm,business,conglomerate,investment,enterprise,corporation,company,organization
ballplayer,pitcher,player,thrower,athlete,person,baseball_player
address,room,area,residence,location
business,company,institution,group,corporation,enterprise,organization
period,segment,day,time
rise,lift,emergence,ascent,raise,boom,event
target,destination,aim
concept
spokesman,person,representative,spokesperson
government,corporation,social_group,company,organization
performer,communicator,writer,actor,person,celebrity
family,citizenry,population,social_group,group
faith,religion
pace
time,future,period,day
coach,ballplayer,player,athlete,person
line,railroad_track,location,place,track,path,railway
official,priest,person
club,squad,team,group
person
reporter,ruler,politician,speaker,male,leader,person
nation,area,country,state
federation,government,authority,leadership,committee,organization
gathering,assembly,idea,plan,address,announcement,speech,statement,meeting,event
workman,employee,person,worker
subject,person,patient,group
motorist,operator,traveler,person,driver
adult,person,professional
difficulty,opinion,trouble,judgment,problem
success
dog,person
site,library,place,organization,person
person,unit
person
space,master,building,place
plant,tobacco,source,object,seed
instruction,affirmation,message,bill,legislation,treaty,note,statement,civil_law,proposal,object,law
communication,signal,motion,act,gesture,movement,event
person
scholar,spokesperson,official,negotiator,scientist,representative,congressman,leader,person,expert
half,period,time
lobbyist,spokesperson,person
spokesman,leader,person
crowd,nation,culture,society,country,person,group
person
adult,prisoner,man,prisoner_of_war,enemy,foe,dictator,male,leader,person
minister,person
idea,skill,evaluation,standard,target,accomplishment,record,concept
attraction,object
detective,official,agent,corporation,administration,employee,party,company,institution,investigator,person,capitalist,organization
screenplay,product,narrative,idea,story,script,object
song,music
social_group,constitution,area,administration,state,nation,organization,government,country
nation,area,region,location,territory,country,place
writer,male,person,author
person
businessman,investor,millionaire,person
product,color,object
area,state,location,province,region,place
businessperson,businessman,person
woman,female,adult,customer,person,client
instruction,action
worker,customer,film_maker,consumer,maker,friend,person
railway_station,facility,terminal,location,place,public_transport
person,caretaker
performer,serviceman,creator,adult,composer,singer,artist,guitarist,master,professional,male,person,musician
refugee,detainee,prisoner,captive,criminal,person
business,enterprise,organization,institution,corporation,industry,firm,company
affiliation,party,group
gathering,demonstrator,crowd,populace,public,group
official,speaker,male,person
nonfiction,short_story,report,message,fiction,story,novel,publication,script,article,writing,record,book,narrative,piece,history,object
man,male,person
singer,performer,musician,person,artist
object,idea,design,plan,web_site,scheme
woman,female,womanhood,queen,adult,queen_bee
occurrence,campaign,move,incident,change,motion,decision,movement,event
patient,adult,person
business,corporation,organization,company
performer,star,worker,entertainer,person,actor
prophet,person
event,arrangement
area,region,localization,location,place
car,object,pickup,truck,vehicle,motor_vehicle
government,nation,institution,country,social_group,organization
jury,authority,assembly,committee,group,panel,court,board
municipality,home,township,town,area,country,region,localization,place,city,state,location
civilian,resident,victim,casualty,person,citizen,inhabitant
facility,structure,building,place,tower
government,nation,area,state,place,organization,country
prisoner,man,wrongdoer,male,person,criminal
negotiation,gathering,conference,peace_process,discussion,meeting,event
judiciary,panel,court,administration,organization,supreme_court
show
area,country,nation,nationality
enforcement,force,authority,law_enforcement,police,policeman,agency,officer,person
occupation,administration,social_group,firm,business,worker,organization,corporation
woman,victim,mother,person
club,person,team
idea,policy,law,principle,concept
place,location,city
government,politics,nation,region,state,location,country
woman,adult,female,lady,person,wife
adult,man,official,male,leader,person,politician
show,appearance,interview,broadcast,entertainment,visit,performance,meeting,display,event
medium_of_exchange,monetary_unit,bill,currency,money,object
training,activity,exercise,practice,event
male,victim,adult,criminal,defendant,person,suspect,man
event,instrumentality,music
parent,mother,victim,traveler,tourist,person
champion,adult,professional,rival,master,contestant,player,athlete,person
person
trainer,coach,adult,man,racer,male,person,athlete
force,person,police
campaigner,politics,politician,candidate,person
person
legislation,civil_law,law,rule
kingdom,localization,nation,area,country,location
situation,athlete
group,person,team,organism
college,institution,school,university
company,institution,whole
producer,company,studio,organization,workplace,artist,maker
person
area,space,location,plain,region,place
ambassador,diplomat,politician,spokesperson,official,leader,state,representative,congressman,foreign_country,person
area,location,place,country,nation
executive,authority,negotiator,agency,administration,social_group,party,administrator,business,company,representative,congressman,institution,bank,spokesperson,enterprise,organization
writer,person
man,male,adult,person
adult,man,male,person
concept,conflict,terrorism
campaigner,politician,candidate,spokesperson,person,congressman,representative
domain,area,state,place,government,nation,land,country
control,event,attempt,undertaking,instruction,command,act
sovereign,chess,object,bishop
government,group,administration,state,country,nation,organization
group
area,location,township,town,region,space,place,city
force,country,nation,location
duration,period,time
lawman,president,official,leader,person
serviceman,reporter,son,adult,communicator,man,expert,bystander,spectator,male,representative,person,rescuer
firm,corporation,administration,business,workplace,software,organization,lab
adviser,authority,evaluator,analyst,expert,official,person
place
male,person
son,director,doctor,father,officer,person
group,squad,team
group,person
group,country,consortium,nation
person
process,period,phase,stage,activity,event
concept,idea,method_acting,method
reporter,adult,news_agency,writer,journalist,professional,person
event
place_name,country,place
rate,speed
state,place
soldier,criminal,defendant,person
unit,group,person,administration,social_group,organization
trainer,runner,athlete,person
government,nation,state,country
point
disaster,event,misfortune,catastrophe,challenge,tragedy,situation,feeling
assembly,crowd,club,affiliation,gang,association,group,social_group,troop,organization
government,authority,organization,person,party
player,teammate,person,athlete,team
administration,lender,credit_union,institution,organization,bank
speaker,legislator,person,republican,politician
adult,male,person
person
unit,market,commodity
committee,report,association,document
player,adult,pair,athlete,two,professional,person
event,movie
woman,official,adult,female,engineer,spokesperson,womanhood,spokeswoman,charwoman,person
number
transaction,bargain,recording,music,deal
anniversary,date,day,holiday,event
person
period,date,day,hour,time
point,position,port,placement,area,harbor,place,location
press,report,data,information,document
foundation,church,institution,charity,social_group,organization
player,adult,person,athlete
government,authority,council,association,committee,organization
conference,gathering,meeting,event,forum
community,village,township,space,region,place,location,city
consequence,event
umpire,official,person,referee
passenger,female,spectator,adult,victim,witness,speaker,person,woman
province,district,area,municipality,location,territory,region
insight,perception,opinion,judgment,aim
businessperson,economist,expert,analyst,person
report
champion,boxer,combatant,fighter,athlete,contestant,male,celebrity,person
writer,person
flight,journey,travel,event
person
investment,finance,stocks
player,contestant,person,athlete
corporation,agency,business,organization
impression,idea,assumption,concern,suspicion,belief,thought,feeling
competition,championship,contest,sport,event
winner,award,achiever,person,contestant
event
president,diarist,scholar,spokesperson,writer,spokesman,journalist,leader,person,politician
mishap,ending,event,loss,accident,failure,frustration,defeat,consequence
law,legislation
idea,denial,negative,conflict,dispute
performer,woman,adult,female,celebrity,actor,entertainer,charwoman,person,actress
presence,sight,supervision,view,event
description,object,characteristic,feature
period,date,weekend,day,time
reason,factor
power
worker,adult,professional,staff,employee,person
friend,person
creator,artist,adult,neighbor,male,painter,man,person,writer
company,organization,airline
player,athlete,person,batter,contestant,ballplayer
lawman,official,serviceman,authority,guard,law_enforcement,police,policeman,officer,person
executive,businessperson,administrator,professional,adult,millionaire,businessman,person
train,metro,public_transport,railway
country,region,nation,area,location
class,course,year,education,event,level,school_year
choice,vote,election,poll,event,general_election
slip,error
child,boy,person,individual,male
force,military_service,navy,military,group
spokesperson,spokesman,source,individual,representative,leader,person,politician
plant
number,contest,amount,numeral,match,game,event
girlfriend,adult,female,spouse,lover,charwoman,friend,person,woman,wife
place
battle,crisis,conflict,event
evidence,message,information,publication,script,writing,source,literature,data,record,history,book
municipality,community,township,place,location,town
structure,area,region,space,position,place,site
student,academician,traveler,graduate,person
game,computer_game,place,video_game
area,environment,place
clubhouse,championship,club,tournament,competition,event,association,contest,union,organization,confederation,league
location,structure,road
medication,object,remedy,material,drug,chemical,medicine,preventive,vaccine
boy,juvenile,male,son,individual,suspect,child,criminal,defendant,person
adult,male,man,person,writer,author
monetary_unit,money,medium_of_exchange,currency,dollar
president,politician,leader,person
duration,calendar_month,month,period,time
adviser,authority,adult,expert,spokesperson,professional,consultant,person
firm,official,businessperson,group,administration,board,body,business,company,organization,communicator,institution,businessman,person
person
group,team
system,economy
writer,novelist,person,author
person,coach
performer,thrower,contestant,person,athlete
facility,infrastructure,base,location
chief_executive_officer,executive_officer,administrator,businessperson,employee,director,corporate_executive,officeholder,officer,businessman,person
firm,senate,unit,legislature,organization,corporation,administration,social_group
fire,light,object
series,tournament,competition,game,contest,event
title,record,music,song,single,object
body_of_water,lake,place,location
gathering,hearing,conference,proceeding,act,meeting,event
chemical,material,substance,matter,object
cricketer,athlete,player,batter,ballplayer,person
nation,space,place,country,location
ambassador,diplomat,politician,leader,person
assembly,vote,poll,voting_system,election,event
tournament,sport,beginning,contest,event
club,unit,group,team
baseball,event,ball,object
firm,organization,corporation,business,company
business,company,clinic,institution,structure,building,hospital,administration,location,organization
concept,idea
mountain,area,region,position,place,location
colleague,associate,corporate_executive,minister,organization,president,supporter,acquaintance,politician,clergyman,corporation,administration,ally,party,organism,leader,friend,person
nation,organization,person
creator,musician,composer,person
unit,group,team
gathering,conference,group,meeting,summit,event
athlete,player,contestant,adult,person
faction,group,social_group,organization
club,unit,league,squad,organization,team
adviser,statesman,politician,official,authority,leader,person
agreement,arrangement,event,contract,bargain,deal
legislation,civil_law,government,agreement,law,rule
reporter,spokesperson,official,representative,communicator,spokesman,person
performer,supporter,artist,celebrity,entertainer,friend,person,actor
ritual,celebration,ceremony,party,program,event
adviser,businessperson,communicator,investor,correspondent,expert,trader,capitalist,professional,person,analyst
creator,songwriter,person
national,worker,son,person
area,country,administration,state,organization,government
academician,master,person
division,committee,group,administration,department,organization
reporter,female,communicator,investigator,writer,professional,person,journalist
official,authority
material,paper,report,news,information,publication,appraisal,work,newspaper,document,composition,object
liquid,object
colleague,supervisor,worker,boss,superior,member,leader,person
serviceman,soldier,commander,person,officer,leader
firm,corporation,business,enterprise,company,organization
transportation,parade,procession,journey,motor_vehicle,transport,group,car,object,convoy
firm,businessperson,group,social_group,business,organization,person,businessman,company
worker,authority,adult,professional,person
firm,business,institution,social_group,corporation,enterprise,organization,company
business,administration,institution,constitution,contract,arrangement,organization,company,airline
municipality,home,township,town,court,location,place,city
tournament,sport,game,event,match
person
inspector,group,person
woman,adult,female,partner,spouse,wife,person,patient
crash,part,rubbish,wreck,remains,ruin,devastation,wreckage,debris,object
cleric,clergyman,bishop,leader,person,religious_leader
officer,headman,person
expert,analyst,academician,scientist,educator,president,programmer,leader,engineer,person
profession,occupation,career
negative
spokesman,politician,spokesperson,official,person
female,felon,convict,criminal,person
area,territory,country,region,island
period,date,workweek,week,time
colleague,associate,adult,politician,official,professional,person
protection
executive,authority,representative,male,vice_president,person,official
representative,person
spokesperson,spokesman,politician,person
trouble,concern,issue,conflict,dispute,complaint,difficulty,situation,problem
prediction,idea,allocation,fund,design,plan,estimate,concept,budget
explosive,rocket,material,missile,weaponry,bomb,weapon,chemical,projectile,object
politician,ethnic_group,advocate,campaigner,group
adult,man,male,leader,person,politician
living_thing,tree,plant
government,policeman,leader,organization
risk,concern
person
shop,business,enterprise,supermarket,conglomerate,grocery_store,corporation,store,organization,company
rival,athlete,winner,player,person
line,cable,object
dialect,concept,language
politician,journalist,political_scientist,leader,social_scientist,person,writer
advocate,politician,spokesperson,leader,person
object
function,affair,anniversary,event
administrator,candidate,executive,worker,director,businessperson,employee,businessman,leader,person
part,section,season,quarter,time
president,person,leader
authority,leadership,association,institute,agency,administration,state,organization,government
supporter,group,crowd,spectator
president,politician,leader,minister,person
break,pause,time,recess,event
performer,actor,role,person
impression,revival,consequence,event
show,movie,object,film
tribe,ethnic_group,person,inhabitant
railroad_track,line,railway,object
host,owner,person
business,enterprise,institution,organization,company
object
person
age,amount,time
hardware,machine,object,computer
adult,female,spouse,person,woman,wife
publication
control,authority,agency,administration,social_group,organization,government
woman,living_thing,worker,adult,female,doctor,actor,role,mammal,nurse,person,animal
faction,clique,group,social_group,sect,organization
economic_growth,improvement
scene,region,area,section,vicinity,setting,location
person
organization,corporation,store,stock
runner,racer,individual,adult,man,male,contestant,person,athlete
idea,plan,proposal,concept
authority,air_force,battalion,expert,agency,military,military_service,specialist,team,professional,group
concept,idea,arrangement,belief,law
concept,idea,position,conceptualization,policy,approach
head,administrator,director,officeholder,spokesperson,official,spokesman,person
negotiation,gathering,communication,address,lecture,meeting,discussion,event
soundtrack,record,album
duty,award,approval,object
business,enterprise,organization,corporation,company
deal,understanding,agreement,contract,bargain
mishap,scandal,fraud,conflict,dispute,event
information,message,data,news,object,update
area,nation,country,location
champion,boxer,adult,combatant,man,rival,athlete,contestant,male,person,fighter
detainee,person
calendar_month,period,date,day,season,time
song,album,music
statesman,politician,official,leader,person
male,leader,man,person,president
authority,lawyer,informant,witness,group,reporter,official,professional,person
organization,government
official,player,adult,man,participant,male,person
player,soccer_player,athlete,football_player,person
title,person,organism
family,species,group,organization
firm,institution,group,corporation,administration,party,organization,company
reporter,communicator,president,politician,governor,leader,person
club,affiliation,protest,brotherhood,association,social_group,organization,demonstrator
lead,advantage
resource,support,help
individual,man,male,person
district,area,center,place,location
person
show,event,ceremony,entertainment,festival
time
organization,group,museum
point,municipality,seat,home,place_name,placement,name,area,country,region,space,position,city,state,place,location
business,organization,institution,corporation,enterprise,company
place,location
litigant,defendant,person
son,leader,baron,sovereign,minister,aristocrat,emperor,prince,king,person
message
person
woman,daughter,girl,person
authority,nation,military,country,agency,administration,state,organization,government
illness,condition,disease
code,operating_system,platform,program,software
law,bill,document,legislation
municipality,site,township,town,city,area,country,region,camp,state,place,landmark,location
major,degree,topic,discipline,study,activity,medicine,subject
politician,organism,leader,person,governor
woman,worker,individual,adult,female,spouse,wife,employee,person
politician,agency,committee,organization,group
surgeon,man,doctor,male,adult,person
living_thing,organism,vegetation,plant,object
agreement,concept,cooperation,point,idea,position,contract,state,compromise,harmony,statement,place
person
firm,business,company,institution,enterprise,organization
assistant,worker,person,employee,representation,staff
businessperson,expert,spokesperson,official,company_man,spokesman,articulator,speaker,employee,businessman,male,organism,person
code,component,technology,application,software,object
driver,adult,motorist,contestant,male,person,racer
fight,struggle,conflict,war,dispute,battle,event
firm,institution,corporation,agency,organization,company
municipality,site,position,home,township,town,placement,district,country,state,place,location
politician,expert,spokesperson,official,governor,leader,male,analyst,person
person
car,motor_vehicle,vehicle
customer,consumer,social_group,user,person
city,area,region,space,place,location
authority,association,agency,organization
dissenter,person
lawman,policeman,social_group,person,citizen
area,country,region,location
development,construction,structure,building
government,nation,negotiator,communicator,politician,country,administration,state,team,organization
area,region,municipality,location
person
function,object,determination,purpose,goal,aim,group_action,objective,event
firm,organization,corporation,company,business
authority,person
substitute,equivalent,change,replacement
adult,man,male,person,speaker
performer,star,artist,entertainer,person,musician
music
musician,adult,group,person
institution,person,company
star,celestial_body,planet,object
specialist,expert,person
foundation,premise,basis
medication,remedy,drug,preventive,prevention,medicine,object,vaccine
person
ascent,start,emergence,beginning,event
paperwork,evidence,writing,data,proceeding,publication,ledger,document,record,object
woman,individual,celebrity,performer,actress,female,lady,dame,person
company,engineer,person,programmer
campaigner,leader,person,politician
armor,shield,system,instrument,weapon,object
press_conference,meeting,event
firm,business,administration,institution,enterprise,organization,company,corporation
shop,supermarket,grocery_store,place,store
student,adult,person
date,event,day,time
developer,solution
tornado,hurricane,cyclone,weather,event,storm
concept,idea,decision,moral
misfortune,catastrophe,wave,state,consequence,situation,calamity,movement,disaster,event
decrease,change,loss,event
control,dominance,responsibility,position
reporter,witness,speaker,male,person
treatment
prisoner,convict,criminal,defendant,person
politician,male,leader,person
company,business,enterprise
person,leader
organization,agency,government
year,time
government,authority,female,president,official,person,leader
homosexual,adult,man,scholar,male,person,gay,student
clubhouse,golf_course,club,hotel,golf_club,course,space,resort,place
region,place,location,country
director,doctor,leader,person
activity,game,action,sport
municipality,city,township,location,town,localization,region,place
idea,support,program,act,effort,attempt,solution,activity,action,concept
hand,body_part,extremity
championship,contest,tournament,game,event,competition
administrator,man,politician,organization,person
passenger,male,adult,man,gentleman,person
share,investment,certificate,stock,commodity
concept,tool,idea,aim,mystery,information,instrument,weapon,object,secret
spokesperson,head_of_state,spokesman,businessperson,representative,president,businessman,male,leader,person,politician
municipality,section,vicinity,location,region
terminal,railway_station,location,place
biologist,academician,adult,man,professor,male,person,scientist,explorer
government,nation,group,area,country,state
unit,winner,team,contestant
patient,committee,group,person,administration,social_group,organization,organism
concept,idea,language,instruction,terminology
army,military,military_service
nation,area,country,government
state,country,nation
point,proximity,municipality,area,location,localization,base,township,town,region,space,city,place
trainer,coach,player,analyst,tennis_player,expert,athlete,person
city,opera
national,person
star,actor,entertainer,headliner,person,performer,actress
catastrophe,narrative,history,story
agreement,authority,nation,area,country,decision
woman,adult,female,rival,contestant,leader,campaigner,person,politician,candidate
sympathy,prayer,concern,thinking,thought,interest,evaluation,concept,idea
serviceman,military,death
communicator,diplomat,statesman,politician,official,businessperson,master,adult,businessman,professional,leader,person,negotiator
winner,person
accused,adult,prisoner,man,male,suspect,criminal,defendant,person
location,object,localization,airport,position,place
date,weekday,day,time
administration,social_group,teacher,educator,party,institution,academician,professor,person,organization
player,soccer_player,man,athlete,football_player,male,person
record,company
concept,phenomenon,idea,result,advancement,improvement,progress,development,opinion,happening,solution
share,stock,commodity
food,substance
claim,argument,declaration,message,assertion,statement
adult,female,person,woman
musician,band,performer,rock_group,group,artist,music
prey,eagle,beast,wolf,animal
club,contestant,association,league,athlete,social_group,unit,professional,organization,team
alliance,party,faction,clique,organization
firm,government,authority,research,agency,administration,organization
municipality,township,town,city,area,island,region,location,beach,place
player,contestant,athlete,professional,person
juvenile,refugee,migrant,male,person,immigrant,child
municipality,nation,area,region,state,location,position,country,place
province,town,area,region,state,place
surveillance,oversight
kingdom,domain,home,nation,land,area,region,state,location,country,place
play,concert,show,performance,presentation,musical,event
person
musician,player,man,actor,male,person
adult,man,male,person
adult,professional,legislator,person,politician,leader
woman,performer,comedian,adult,female,womanhood,celebrity,actor,entertainer,person,actress
object,collection,part,group,organ,body_part,arrangement
force,tension,stress,violence
driver,player,adult,captain,man,athlete,winner,contestant,male,person
person
case,information,example
issue,book
area,region,state,location,place,date,year
performer,celebrity,actor,woman,adult,female,entertainer,charwoman,person,actress
nation,area,location,place,country,region
blockade,rule,act
person
show,event,theater,act,performance
time,process,past,period,era,history
result,subject,information,data,conclusion
amendment,text_file,law,bill,writing,document
municipality,college,location,higher_education,area,university,place
dissenter,campaigner,demonstrator,person,group,protesters
ballplayer,player,contestant,person,athlete
individual,male,person,businessman
athlete,player,contestant,person
club,institution,association,league,team,organization
serviceman,adult,man,payer,taxpayer,citizen,male,person
district,area,location,region,place
person
politician,president,leader,person
government,organization
speaker,person
firm,corporation,agency,administration,company,institution,organization
producer,editor,person,musician
person
concept,idea,story,narrative
decision,step,motion,act,action,movement
competition,sport,game,activity,match,event
man,male,person
performer,comedian,adult,man,celebrity,male,person,actor
generation,parent,grandparent,family,father,mother,person
adult,operator,person,driver
area,region,venue,location,landmark,city,place
group,person
government,representative,director,politician,spokesperson,official,leader,person
rise,raise,improvement,increase
nation,area,country,localization,state,place,region,location
hair,paint,object
team
government,organization,agency
foreign_country,nation,arrangement,country,government,organization
singer,performer,artist,musician,player,contestant,person
action,confrontation,battle,aggression,fight,attack,event
wrongdoer,prisoner,criminal,principal,person
firm,business,institution,bank,corporation,enterprise,company,organization
arrangement,challenge
government,official,person
neighborhood,township,town,area,region
concept,writing,report,estimate,opinion
trainer,coach,ballplayer,player,adult,professional,athlete,person
man,character,vampire,person
kingdom,site,nation,land,name,country,region,position,territory,location
firm,advertiser,corporation,promoter,social_group,enterprise,organization,company,business
business,enterprise
agent,adult,stockbroker,man,trader,official,male,person
artillery,gun,instrument,cannon,weapon,object
person
document,article
finish,design,artwork,paint,object
music,song
rock_group,publication,newspaper,organization,band,object,group
male,person
artifact,clay,object
school_board,organization,government,administration,board
schedule,period,plan,date,day,time
point,city,position
woman,student,foreigner,scientist,adult,female,traveler,scholar,expert,professor,person
adult,man,writer,male,scholar,person,author
expert,ruler,historian,leader,speaker,analyst,person,politician
associate,affiliation,party,investor,association,native,member,pioneer,organization,person,citizen
government,council,group,agency,organization,committee
patron,viewer,supporter,perceiver,spectator,male,organism,person,fan
adult,man,politician,male,leader,person,president
national,spokesman,reformer,state,citizen,person
head,spokesperson,spokesman,male,leader,person,politician
woman,adult,female,spouse,wife,tourist,person
person,team
expert,master,adult,professional,person,doctor
period,month,time
concept,income,rate,gain,market,net_income,profit,sum,capital,object
corporation,business,company,institution,industry,enterprise,organization
screenplay,product,concept,show,material,idea,film,movie,paper,composition,object,script
government,company,institution,agency,administration,social_group,party,organization
agency,administration,establishment,business,office
choice,finding,verdict,opinion,judgment,conclusion,decision,event
investigation,inquiry,person
arrangement,organization
body_of_water,river,location
nation,land,area,state,kingdom,country,place
province,placement,area,region,localization,state,location,territory,place
serviceman,ruler,corporate_executive,adult,president,man,spokesperson,official,spokesman,professional,male,person,leader
adult,man,athlete,football_player,male,player,person
communicator,adult,economist,scholar,social_scientist,person
scientist,organization,agency,administration,person
performer,dancer,participant,person,organism
performer,entertainer,person
event
woman,wife,relative,mate,partner,match,person,spouse
woman,female,adult,lady,person,wife
elder,adult,male,person,man
administration,organization,museum
fight,civil_war,objection,protest,struggle,conflict,battle,rebellion,group_action,dispute,war,event
baby,person
group,administration,government,organization,association
person
worker,president,male,politician,actor,employee,leader,person
concept,idea,philosophy,implementation,principle
habit,healthcare,activity
male,scientist,professional,person
nation,area,district,region,state,location,territory,country,place
representative,president,politician,governor,headman,leader,person
adjudicator,judiciary,authority,adult,judge,professional,evaluator,official,person
myth,deity,god,legend,idol
business,government,businessperson,patron,capitalist,enterprise,businessman,person,investor
group,company,network,association,person,organization
government,union,administration,social_group,organization
municipality,area,facility,location,building,plaza,place
idea,course,path,operation,solution,way,method
text,communication,object
place,building,object,structure
report,writing,finding,document,object
authority,nation,polity,group,agency,administration,state,organization,government
control,dictatorship
object,insect,species,vertebrate,bug,animal,organism,bird
politician,person,leader,president
arrangement,selling,exchange,plan,transaction,deal,group_action,sale,event
historian,traveler,scholar,writer,person
contestant,candidate,campaigner,male,leader,person,politician
force,reporter,authority,news,news_agency,police,agency,department,group
statistic,financing,scale,income
alliance,relationship,adult,person,friendship
aim,resource,support,action,aid,object
adult,man,male,person
advocate,scientist,adult,professor,person
faction,representative,organization
writer,journalist,person
official,head_of_state,adult,male,leader,man,person,prime_minister,politician
force,power,community,army,troop,military_service,group
serviceman,businessperson,adult,president,man,master,banker,professional,male,organism,leader,person,businessman
official,head_of_state,representative,male,leader,person,politician
trainer,woman,serviceman,adult,female,communicator,man,charwoman,expert,editor,male,person,writer
day,time
government,nation,state,country
agency,administration,organization,authority,government
soldier,troop,military
observer,corporation,administration,company,news,organization
consumer,critic,individual,user,person
businessperson,stockholder,partner,holder,group,person,businessman,investor
candidate,leader,person,politician
circumstance,struggle,situation,crisis,condition,upheaval,happening,conflict,event
attraction,object,artifact,construction,structure,building,place
woman,female,girl,politician,leader,person
intellectual,guru,teacher,educator,organism,person
invention,area,structure,place,object
accusation,lawsuit,case,conviction,trial
nation,place,country
communicator,group,person
crash,failure,collapse,consequence,bankruptcy,conflict,event
campaigner,contestant,rival,adult,person,politician,candidate
material,chemical_reaction,acid,chemical
impression,belief,joy,attitude,spirit,excitement,happiness,feeling
city,land,region,country,place
administrator,official,government,cabinet,administration,associate,social_group
administrator,observer,director,professional,expert,official,perceiver,person,analyst
force,leader,military,person
marketplace,exchange,market,stock_exchange,system,organization,business
medicine,remedy,injection,vaccine
art,show,creation,film,entertainment,movie
demonstrator,reformer
event
part,body_part,muscle,object
firm,business,administration,institution,enterprise,organization,company,corporation
concept,deliberation,information,passage,content,book,meaning,publication
politics,constitution,union,administration,arrangement,state,government,nation,association,country,organization
diplomat,vice_squad,official,agent,corporate_executive,leader,person,envoy
athlete,player,female,person,golfer
female,person
villa,home,building,place
point,town,location,city,place
insider,official,spokeswoman,female,person
agency,politician,organism,person
organization,agency
firm,institution,corporation,administration,social_group,organization
adult,prisoner,man,criminal,suspect,male,person
clash,fight,conflict,battle,event,war
sister,woman,relative,sibling,traveler,lady,dame,person,daughter
scientist,social_scientist,researcher,person
development,economic_growth,event,economy
happening,alteration,possibility,expectation,change,event
person,object
woman,adult,female,person,mother
association,social_group,organization
concept,authority,kingdom,power
official,spokesperson,reference_book,spokesman,leader,person
relative,adult,male,person,man
development,concept,phenomenon,growth,tendency,advancement,increase,progress,effect
loss,concept
studio,workplace,place
point,site,city,area,destination,location,localization,address,place,position
group,administration,firm,business,organization,institution,enterprise,company
slowdown,event
expert,creator,person
committee,alliance,administration,social_group,team,organization,group
legislator,lawgiver,politician,presenter,leader,person
doctor,researcher,person,scientist
woman,individual,adult,female,girl,lady,person
athlete,player,male,person
hand,part,finger,body_part
area,name,state,place
serviceman,worker,first_aid,officer,rescuer,person
person
juvenile,student,adolescent,spectator,person
object,vehicle
group,combatant,fighter,organization
year,punishment,time
officeholder,professional,politician,official,master,leader,adult,person
concept
concept,belief,idea,philosophy,religion,conceptualization,principle,approach
delivery,object
kingdom,nation,politics,government,administration,state,country,organization,transit
result,consequence
explanation,reason
concept,idea,reason,hypothesis,guess,decision,proposal,conclusion
negotiation,discussion,conversation,meeting,event,talk
politician,congressman,leader,person
corporation,system,firm,institution,game,organization,computer_system,company,object
disaster,mishap,accident,catastrophe,calamity,adversity,consequence,event
trainer,coach,expert,adult,man,male,person
contract
point,stop,street,address,placement,area,region,destination,localization,location,position,place
rise,breakthrough,emergence,ascent,transformation,advance,upgrade,raise,success,advancement,improvement,lift,progress,promotion,event
person
craft,vessel,ship,boat,object
prisoner,detainee,male,person,captive
financier,spokesperson,person
missionary,social_group,leader,person,religious_leader
terrorist,group,social_group,military,organization
firm,business,institution,enterprise,organization,company,corporation
repair,action,treatment,care,operation,event,surgery
gathering,series,course,education,class,conference,meeting,workshop,event
municipality,township,town,valley,area,territory,region,location
concept,idea,person,history,movement
object
duration,term,period,time
number,group,majority
businessperson,adult,businessman,man,spokesperson,official,spokesman,male,person
information,database
club,nation,unit,country,team_sport,squad,organization,group,team
country,state,organization
communicator,adjudicator,bureaucrat,judge,legislator,official,politician,reporter,leader,person
disaster,difficulty,trouble,catastrophe,calamity,recession,situation,adversity,crisis,event
authority,leadership,council,management,presidency,agency,administration,organization,government
engineer,spokesperson,person
club,player,group,person,social_group,soccer,sport,team
translator,interpreter,group,citizen,person
consequence,negative
show,artwork,event,film,entertainment,production,act,movie
equity,value,asset,quality,worth,concept
object
position,area,region,place,location
accused,adult,man,male,convict,criminal,defendant,person
spokesperson,authority,spokesman,leader,person,official
politician,worker,actor,scientist,speaker,adult,professional,leader,person
group,organization,team
prize,grant,award,aim,education,scholarship
proposition,bid,proposal
network,arrangement,record
academician,scientist,person
republican,legislator,man,statesman,politician,member,male,leader,person,senator
year,time
group,populace,citizen,percentage,public
point,area,location,animal,place,attacker,tradition,desert,region,plaza,space
professional,director,person,producer
relative,baby,child,organism,person
restriction,concept,idea,design,plan,legislation,rule,regulation,program,policy,principle
player,unit,group,athlete,squad,team
runner,person
concept,insight,assurance,circumstance,perception,access
performer,actor,director,adult,film_maker,entertainer,professional,person
administrator,policeman,person,officer
activity,pitch,movement,act,delivery,throw,motion,action
service,object,software
soldier,army,person
firm,business,company,institution,manufacturer,enterprise,organization
group,person
woman,celebrity,performer,adult,female,entertainer,person,actress
administrator,performer,entertainer,director,actor,person
spouse,woman,female,wife,relative,adult,person
communicator,group,committee,organization,confederation
unit,group,squad,team
politician,leader,engineer,person
situation
development,process,progress
serviceman,authority,adult,man,official,male,person
township,area,region,localization,space,location,town,city,place
government,authority,nation,area,administration,state,country,organization
area,government,state,authority,region,country,location,nation
difficulty,trouble,event,challenge,crisis,consequence,situation,worsening
workweek,weekday,date,day,time
domain,area,state,location,nation,land,space,place,country
supporter,ally,friend,person
place_name,state,location,localization,nation,region,area,place,position,country
person,athlete,speaker
enterprise,institution,manufacturer,organization,company,business
finance,money,price,fund,cost,expense,concept
business,enterprise,corporation,organization,company
head,woman,head_of_state,adult,female,president,leader,person
emergency,event,crisis,condition
activity
official,supervisor,reporter,communicator,writer,editor,journalist,person
legislature,parliament,assembly,conference,management,administration,organization,government
performer,actress,individual,female,actor,woman,adult,celebrity,person
object
loss,death,happening,consequence,casualty,occurrence,event
art,creation,artwork,structure,memorial,monument,landmark,object,sculpture
group,union,administration,person
diplomat,politician,official,president,male,person,leader
government,adult,man,politician,leader,person,minister
idea,character,person
duty,assignment,job,employment,occupation,experience,labor,workplace,activity,work
pope,authority,adult,man,male,person
psychologist,scientist,expert,doctor,writer,person
celebrity,person,actress
government,city_council,council,city,administration
driver,player,racer,adult,professional,contestant,person
event,invasion
point,seat,nation,placement,area,country,region,geographical_area,space,localization,state,location,place,territory
founder,director,judge,president,teacher,official,father,person
force,wind
restriction
gathering,assembly,seminar,conference,meeting,event
performer,serviceman,creator,musician,immigrant,adult,migrant,man,politician,male,leader,person,son
application
communication,character,type,object,letter,text,representation,symbol
business,exchange,businessperson,financier,investor,person,capitalist,businessman,occupation
event
spokesman,leader,head,person
area,location,spot,position,name,place,crater
family,writer,professional,person
gathering,group,team
village,township,location,town
performer,music,entertainer,person,musician
foundation,agency,nation,charity,group,army,administration,organization,military_service
town,municipality,township,position,area,region,place,location
driver,adult,felon,operator,suspect,man,male,defendant,person,criminal
executive_officer,executive,leader,administrator,adult,official,capitalist,professional,person
stock_exchange,index,exchange,stock_market
event
official,spokesman,speaker,male,person
development,growth,improvement,building,reform,strategy,construction
social_group,group
organization
woman,dame,adult,female,girlfriend,girl,lady,daughter,spokesperson,charwoman,person,victim
student,son,scholar,person
politician,person
home,lawn,land,yard,area,region,space,grass,property,place
man,male,adolescent,waiter,person,server
song,sound,music,object
agent,character,person
head_of_state,minister,politician,spokesperson,official,leader,representative,person
date,weekday,day,time
area,place,city
fund,recovery
serviceman,adult,officeholder,expert,official,officer,professional,leader,person
function,process,operation,structure,mechanism,procedure
symbol
safety,object
woman,spouse,person
accused,suspect,target,wrongdoer,criminal,defendant,person
organ,brain,body_part,object
presenter,adult,man,male,team,person
group,team
specialist,biologist,scholar,observer,scientist,student,child,person
narrator,performer,adult,artist,actor,speaker,professional,person
development,idea,step,measure,phase,stage,advancement,progress,concept
time
climate,heat,weather
health
group,representative,politician,official,leader,person,government
status,placement,place
event,aim
election,evidence,ballot,record,score,document,vote,object
woman,patient,female,girl,athlete,person
friend,male,leader,person,man
organism,leader,legislator,person,politician,senator
ruler,person,leader
accusation,charge,attack,act,action,court_order,object,lawsuit,suit
person,politician
commissioner,politician,policeman,person,leader
tournament,sport,event,match,championship
military
concept,thinking,object
result
trade,deal,commerce
family,unit,person,group
warrior,person
choice,answer,lawsuit,decision,solution,statement,suit,consequence,discovery,event
politician,official,negotiator,communicator,leader,person
object
charwoman,woman,reporter,scientist,adult,female,male,announcer,learner,man,scholar,social_scientist,person
occurrence,move,incident,committee,law,happening,decision,rule,motion,regulation,consequence,movement,event
village,colony,community,hamlet,settlement,area,region,location
tennis_player,player,person,athlete
myth,legend,story
television_program,episode
speech
male,politician,organism,adult,commander,nazi,leader,man,person,military
dwelling,building,estate,house,area,field,place,property
nation,group,geographical_area,place,location,country
politician,person
authority,reviewer,referee,association,official,person
married,family,pair,person,couple
firm,business,entity,institution,group,corporation,enterprise,company
mayor,diplomat,politician,spokesperson,official,spokesman,male,leader,person
idea,topic,subject,message,content
social_group,state,city,government,organization,country
producer,adult,film_maker,maker,manufacturer,director,person,professional
consequence
session,event,day,time
adult,citizen,person
bill,legislation,rule,regulation,civil_law,object,law
battalion,group,army,military_service
student,pupil,friend,person
administrator,businessperson,adult,president,man,businessman,male,person
statistic,concept
area,university,place,location
art,material,artwork,cartoon,story,comic_strip,object,painting
expert,observer,perceiver,spectator,commentator,analyst,player,person
customer,juvenile,adult,female,daughter,youth,consumer,person
gathering,viewer,spectator,unit,character,audience
person,preview
concept,idea,research,scientific_research,belief,science,ideology,physics
capitalist,speaker,financier,person
radio_station,radio,center,broadcasting,object
disaster,violence,catastrophe,attack,event
gathering,assembly,group,forum,social_group,audience,spectator,crowd
shot,pot,marijuana,leaf,plant,herb,cigarette,substance,drug,matter,object
concept,idea,safety,activity
artist,organism,person,musician,composer
family,relative,kin,person
event
administrator,coach,teacher,director,administration,educator,leader,person
organization,group,party
body_of_water,port,army,location,military_service,harbor,place
person
group,business,person,organization
institution,organization
man,male,person
person
work,project
hearing,session,event,conference,proceeding,due_process,conversation,talk,trial
spokesperson,spokesman,person,communicator,male
conference,gathering,combination,meeting,collection,merging,event
serviceman,farmer,man,person
assembly,crowd,social_group,audience,group
material,makeup,kohl,substance,mineral,object
chancellor,leader,person,politician
person
serviceman,person,soldier,volunteer
adult,spokesperson,officer,professional,leader,person,politician
year,duration,annual,time
athlete,adult,professional,golfer,player,person
negative,action,event
group,contestant,rival,opposition,team
foundation,administration,organization
adult,president,man,diplomat,politician,official,male,leader,person
woman,female,person
studio,organization
speaker,communicator,military,person
specialist,designer,conductor,creator,musician,performer,composer,traveler,scholar,artist,person,student
object
action,act,event
athlete,football_player,contestant,player,sportsman,person
resistance,opposition,adversary,group
creator,musician,achiever,singer,athlete,winner,actor,artist,leader,person
rank,trophy,prize,object,medal
deity,person
computer,device,item,machine,object
performer,star,artist,film_star,adult,professional,entertainer,person,actor
person
business,institution,agency,administration,department,organization
president,chancellor,official,leader,person,politician
government,china,state,location,place,country,nation
person
representative,spokesperson,official,source,person
player,football_player,contestant,person,athlete
male,person,leader,president
date,weekend,day,time
affair,moment,event,happening,hour,occasion
serviceman,spokesperson,spokesman,soldier,officer,person
object,lake,barrage,pond,land
run,contest,competition,game,raceway,race
administration,country,organization,government
lobbyist,advocate,republican,legislator,politician,leader,person
concept,standard,poverty_line
report,message,instruction,writing,statement,document,object
nation,location,country,place
concept,idea,fairness,truth,fact,accuracy
settlement,resolution,compliance,solution,organism,person
college,organization,institution,school,space,institute,university,place
cooperation
business,employer,institution,agency,enterprise,organization,company
group,administration,organization
nation,land,area,place,island
inhabitant,group,person,farmer,guy
businessperson,representative,legislator,congressman,male,leader,person,politician
politician,person,administration,social_group,organization,leader
area,landmass,region,place,location,territory,continent
partner,acquaintance,friend,person
person,referee
object,traveler,aviator,pilot,person,astronaut
goddess,female,deity,sister,character,idol,person
municipality,group,area,location,division,region,place,city
woman,parent,female,mother,person
adult,person
web_site,web_page,page
vacationer,worker,actor,businessperson,employee,businessman,staff,person,victim
unit,union,organization,designation,team,grouping
idea,report,law,content,theme,suggestion,document,composition,proposal,offer
ballplayer,player,person
cell,fluid,blood,substance,body_part
government,opposition
art,song,creation,album,entertainment,recording,record,object
government
date,day,time
duration,span,length,period,time
show,play,opera
affair,gathering,assembly,tournament,competition,sport,contest,match,event
person
foundation,company,institution,service,administration,public_service,community_service,organization
event,group,administration,social_group,object,enterprise,country,organization
idea,event
difficulty,trouble,aggression,fight,problem,war,conflict,event
official,authority,director,businessperson,businessman,communicator,spokesperson,executive_officer,professional,person
revelation,finding,investigation,determination,act,discovery,event
municipality,township,area,region,place,location,city,country
